,ts_code,trade_date,open,high,low,close,pre_close,change,pct_chg,vol,amount
0,300647.SZ,20230303,8.42,8.47,8.27,8.32,8.39,-0.07,-0.8343,60753.7,50755.265
1,300647.SZ,20230302,8.49,8.54,8.38,8.39,8.47,-0.08,-0.9445,57679.2,48754.995
2,300647.SZ,20230301,8.35,8.48,8.3,8.47,8.35,0.12,1.4371,70451.2,59289.895
3,300647.SZ,20230228,8.29,8.43,8.23,8.35,8.3,0.05,0.6024,64966.21,54004.44
4,300647.SZ,20230227,8.42,8.44,8.26,8.3,8.47,-0.17,-2.0071,58272.0,48610.592
5,300647.SZ,20230224,8.46,8.53,8.41,8.47,8.46,0.01,0.1182,52172.59,44162.752
6,300647.SZ,20230223,8.52,8.55,8.4,8.46,8.53,-0.07,-0.8206,53957.87,45791.053
7,300647.SZ,20230222,8.53,8.58,8.46,8.53,8.52,0.01,0.1174,53575.01,45637.413
8,300647.SZ,20230221,8.58,8.59,8.45,8.52,8.53,-0.01,-0.1172,55835.0,47577.113
9,300647.SZ,20230220,8.47,8.54,8.37,8.53,8.45,0.08,0.9467,62152.6,52684.968
10,300647.SZ,20230217,8.59,8.65,8.39,8.45,8.58,-0.13,-1.5152,91495.26,77749.453
11,300647.SZ,20230216,8.92,8.97,8.5,8.58,8.95,-0.37,-4.1341,143946.4,126052.786
12,300647.SZ,20230215,8.86,8.98,8.84,8.95,8.87,0.08,0.9019,80258.0,71739.503
13,300647.SZ,20230214,8.92,8.94,8.81,8.87,8.91,-0.04,-0.4489,67364.5,59697.669
14,300647.SZ,20230213,8.81,9.03,8.77,8.91,8.8,0.11,1.25,156930.6,139007.886
15,300647.SZ,20230210,8.81,8.94,8.75,8.8,8.85,-0.05,-0.565,82721.0,73067.871
16,300647.SZ,20230209,8.65,8.88,8.59,8.85,8.66,0.19,2.194,120585.53,105501.505
17,300647.SZ,20230208,8.75,8.75,8.62,8.66,8.69,-0.03,-0.3452,55215.0,47859.817
18,300647.SZ,20230207,8.61,8.69,8.58,8.69,8.59,0.1,1.1641,67670.51,58359.499
19,300647.SZ,20230206,8.6,8.66,8.52,8.59,8.62,-0.03,-0.348,71832.07,61777.874
20,300647.SZ,20230203,8.7,8.72,8.49,8.62,8.67,-0.05,-0.5767,73883.5,63514.825
21,300647.SZ,20230202,8.65,8.77,8.57,8.67,8.65,0.02,0.2312,78953.5,68492.796
22,300647.SZ,20230201,8.51,8.66,8.48,8.65,8.47,0.18,2.1251,80211.85,68646.166
23,300647.SZ,20230131,8.44,8.55,8.4,8.47,8.48,-0.01,-0.1179,75615.49,64103.547
24,300647.SZ,20230130,8.45,8.67,8.42,8.48,8.35,0.13,1.5569,107964.56,92305.391
25,300647.SZ,20230120,8.36,8.37,8.26,8.35,8.32,0.03,0.3606,42746.6,35584.362
26,300647.SZ,20230119,8.28,8.33,8.2,8.32,8.27,0.05,0.6046,43647.31,36148.87
27,300647.SZ,20230118,8.1,8.3,8.06,8.27,8.08,0.19,2.3515,62185.0,51001.244
28,300647.SZ,20230117,8.15,8.19,8.03,8.08,8.13,-0.05,-0.615,38371.07,31073.256
29,300647.SZ,20230116,8.0,8.15,7.98,8.13,8.01,0.12,1.4981,57268.0,46392.743
30,300647.SZ,20230113,8.12,8.2,7.93,8.01,8.12,-0.11,-1.3547,60260.95,48375.079
31,300647.SZ,20230112,8.11,8.25,8.1,8.12,8.11,0.01,0.1233,28793.0,23484.91
32,300647.SZ,20230111,8.31,8.33,8.1,8.11,8.32,-0.21,-2.524,42635.65,35033.152
33,300647.SZ,20230110,8.18,8.35,8.18,8.32,8.24,0.08,0.9709,44437.0,36699.824
34,300647.SZ,20230109,8.26,8.35,8.15,8.24,8.24,0.0,0.0,47327.0,38964.684
35,300647.SZ,20230106,8.16,8.4,8.15,8.24,8.21,0.03,0.3654,50154.0,41569.349
36,300647.SZ,20230105,8.25,8.25,8.13,8.21,8.21,0.0,0.0,35170.3,28798.201
37,300647.SZ,20230104,8.2,8.34,8.15,8.21,8.2,0.01,0.122,39342.2,32427.264
38,300647.SZ,20230103,8.12,8.24,8.0,8.2,8.07,0.13,1.6109,44616.5,36362.589
39,300647.SZ,20221230,7.87,8.21,7.86,8.07,7.87,0.2,2.5413,57517.0,46418.47
40,300647.SZ,20221229,8.1,8.1,7.82,7.87,8.06,-0.19,-2.3573,52608.66,41841.233
41,300647.SZ,20221228,8.2,8.27,8.05,8.06,8.28,-0.22,-2.657,48245.0,39154.698
42,300647.SZ,20221227,8.39,8.46,8.2,8.28,8.44,-0.16,-1.8957,65149.29,53925.629
43,300647.SZ,20221226,8.45,8.53,8.32,8.44,8.47,-0.03,-0.3542,57819.01,48683.58
44,300647.SZ,20221223,8.5,8.59,8.26,8.47,8.55,-0.08,-0.9357,94037.76,79195.358
45,300647.SZ,20221222,8.53,8.63,8.4,8.55,8.47,0.08,0.9445,95157.17,81450.67
46,300647.SZ,20221221,8.45,8.73,8.4,8.47,8.39,0.08,0.9535,141030.04,120613.785
47,300647.SZ,20221220,8.06,8.53,7.95,8.39,8.04,0.35,4.3532,128487.96,107205.35
48,300647.SZ,20221219,8.17,8.24,7.93,8.04,8.19,-0.15,-1.8315,58775.0,47418.163
49,300647.SZ,20221216,8.2,8.26,8.02,8.19,8.26,-0.07,-0.8475,65026.59,52723.437
50,300647.SZ,20221215,8.04,8.27,8.04,8.26,8.08,0.18,2.2277,54407.0,44596.549
51,300647.SZ,20221214,8.13,8.24,8.06,8.08,8.06,0.02,0.2481,29494.0,23990.803
52,300647.SZ,20221213,8.26,8.27,8.05,8.06,8.25,-0.19,-2.303,39185.5,31883.728
53,300647.SZ,20221212,8.22,8.29,8.12,8.25,8.2,0.05,0.6098,37742.9,30959.397
54,300647.SZ,20221209,8.34,8.38,8.18,8.2,8.32,-0.12,-1.4423,54926.0,45259.785
55,300647.SZ,20221208,8.4,8.47,8.3,8.32,8.4,-0.08,-0.9524,49314.0,41263.93
56,300647.SZ,20221207,8.46,8.53,8.39,8.4,8.47,-0.07,-0.8264,40412.0,34124.573
57,300647.SZ,20221206,8.53,8.57,8.39,8.47,8.54,-0.07,-0.8197,53978.17,45720.999
58,300647.SZ,20221205,8.75,8.79,8.48,8.54,8.68,-0.14,-1.6129,88983.56,76354.485
59,300647.SZ,20221202,8.53,8.78,8.5,8.68,8.54,0.14,1.6393,62341.9,54029.673
60,300647.SZ,20221201,8.49,8.58,8.47,8.54,8.42,0.12,1.4252,48782.5,41654.993
61,300647.SZ,20221130,8.48,8.54,8.37,8.42,8.47,-0.05,-0.5903,55041.05,46483.33
62,300647.SZ,20221129,8.36,8.48,8.36,8.47,8.37,0.1,1.1947,42115.6,35569.971
63,300647.SZ,20221128,8.41,8.57,8.27,8.37,8.51,-0.14,-1.6451,59472.31,49865.444
64,300647.SZ,20221125,8.75,8.75,8.49,8.51,8.73,-0.22,-2.52,64055.56,54794.635
65,300647.SZ,20221124,8.67,8.82,8.6,8.73,8.67,0.06,0.692,57298.59,50092.436
66,300647.SZ,20221123,8.81,8.94,8.55,8.67,8.88,-0.21,-2.3649,81922.37,71355.975
67,300647.SZ,20221122,8.96,9.13,8.85,8.88,8.96,-0.08,-0.8929,66008.52,59368.3
68,300647.SZ,20221121,8.86,9.02,8.82,8.96,8.95,0.01,0.1117,62095.02,55408.275
69,300647.SZ,20221118,9.17,9.29,8.95,8.95,9.23,-0.28,-3.0336,95751.48,87441.81
70,300647.SZ,20221117,9.12,9.33,9.04,9.23,9.16,0.07,0.7642,95378.99,87539.016
71,300647.SZ,20221116,9.4,9.42,9.08,9.16,9.4,-0.24,-2.5532,88447.93,81720.281
72,300647.SZ,20221115,9.29,9.44,9.22,9.4,9.32,0.08,0.8584,98986.2,92625.175
73,300647.SZ,20221114,9.37,9.45,9.23,9.32,9.24,0.08,0.8658,87536.63,81874.225
74,300647.SZ,20221111,9.36,9.56,9.23,9.24,9.21,0.03,0.3257,119020.39,111809.957
75,300647.SZ,20221110,9.35,9.43,9.16,9.21,9.42,-0.21,-2.2293,82385.0,76536.554
76,300647.SZ,20221109,9.52,9.52,9.35,9.42,9.48,-0.06,-0.6329,63723.92,60165.39
77,300647.SZ,20221108,9.71,9.74,9.4,9.48,9.71,-0.23,-2.3687,106259.71,100879.416
78,300647.SZ,20221107,9.76,9.98,9.66,9.71,9.85,-0.14,-1.4213,130864.88,127865.358
79,300647.SZ,20221104,9.93,10.25,9.83,9.85,9.86,-0.01,-0.1014,144042.8,143141.121
80,300647.SZ,20221103,9.94,10.09,9.77,9.86,9.92,-0.06,-0.6048,90546.0,89592.551
81,300647.SZ,20221102,10.05,10.14,9.75,9.92,10.0,-0.08,-0.8,143569.3,142296.009
82,300647.SZ,20221101,9.83,10.18,9.72,10.0,9.83,0.17,1.7294,179288.11,178685.095
83,300647.SZ,20221031,9.1,10.33,9.09,9.83,9.08,0.75,8.2599,328613.5,320986.686
84,300647.SZ,20221028,9.11,9.2,8.87,9.08,9.24,-0.16,-1.7316,128798.32,116343.38
85,300647.SZ,20221027,9.04,9.35,9.02,9.24,9.05,0.19,2.0994,106602.52,98141.196
86,300647.SZ,20221026,8.8,9.1,8.78,9.05,8.8,0.25,2.8409,72821.0,65363.533
87,300647.SZ,20221025,8.93,8.93,8.52,8.8,8.8,0.0,0.0,94637.17,82452.823
88,300647.SZ,20221024,9.06,9.23,8.7,8.8,9.14,-0.34,-3.7199,128165.0,115639.433
89,300647.SZ,20221021,8.8,9.24,8.68,9.14,8.73,0.41,4.6964,128567.1,116480.849
90,300647.SZ,20221020,8.64,8.91,8.52,8.73,8.7,0.03,0.3448,72000.61,62994.983
91,300647.SZ,20221019,8.79,8.9,8.7,8.7,8.79,-0.09,-1.0239,56842.0,50005.196
92,300647.SZ,20221018,8.91,8.93,8.75,8.79,8.88,-0.09,-1.0135,77434.2,68335.654
93,300647.SZ,20221017,8.48,8.92,8.48,8.88,8.56,0.32,3.7383,80142.0,70120.805
94,300647.SZ,20221014,8.5,8.66,8.49,8.56,8.48,0.08,0.9434,82093.0,70348.75
95,300647.SZ,20221013,8.31,8.58,8.18,8.48,8.35,0.13,1.5569,73690.0,62313.352
96,300647.SZ,20221012,7.88,8.35,7.8,8.35,7.88,0.47,5.9645,81490.41,65584.901
97,300647.SZ,20221011,7.92,7.98,7.79,7.88,7.87,0.01,0.1271,44691.0,35153.037
98,300647.SZ,20221010,8.2,8.3,7.82,7.87,8.16,-0.29,-3.5539,72855.0,58265.513
99,300647.SZ,20220930,8.42,8.52,8.16,8.16,8.41,-0.25,-2.9727,43483.44,36084.139
100,300647.SZ,20220929,8.58,8.62,8.36,8.41,8.44,-0.03,-0.3555,39740.0,33690.597
101,300647.SZ,20220928,8.76,8.86,8.44,8.44,8.86,-0.42,-4.7404,53825.37,46219.244
102,300647.SZ,20220927,8.67,8.9,8.64,8.86,8.66,0.2,2.3095,54328.62,47691.75
103,300647.SZ,20220926,8.74,8.86,8.66,8.66,8.85,-0.19,-2.1469,48532.2,42497.492
104,300647.SZ,20220923,9.07,9.1,8.71,8.85,9.04,-0.19,-2.1018,57619.66,51201.716
105,300647.SZ,20220922,9.03,9.19,9.0,9.04,9.11,-0.07,-0.7684,52644.25,47763.181
106,300647.SZ,20220921,9.1,9.24,8.92,9.11,9.12,-0.01,-0.1096,68877.5,62688.247
107,300647.SZ,20220920,9.13,9.21,9.03,9.12,9.0,0.12,1.3333,47805.5,43608.634
108,300647.SZ,20220919,8.98,9.13,8.88,9.0,8.98,0.02,0.2227,62494.7,56031.375
109,300647.SZ,20220916,9.1,9.29,8.98,8.98,9.1,-0.12,-1.3187,70579.5,64270.618
110,300647.SZ,20220915,9.54,9.6,9.0,9.1,9.53,-0.43,-4.5121,92545.5,85388.068
111,300647.SZ,20220914,9.54,9.7,9.41,9.53,9.73,-0.2,-2.0555,51200.0,49056.273
112,300647.SZ,20220913,9.79,9.84,9.6,9.73,9.74,-0.01,-0.1027,55468.28,53987.176
113,300647.SZ,20220909,9.79,9.79,9.53,9.74,9.79,-0.05,-0.5107,63567.5,61375.141
114,300647.SZ,20220908,10.06,10.13,9.79,9.79,10.05,-0.26,-2.5871,63160.5,62597.788
115,300647.SZ,20220907,9.8,10.27,9.75,10.05,9.85,0.2,2.0305,106796.33,107577.8
116,300647.SZ,20220906,9.55,9.9,9.44,9.85,9.52,0.33,3.4664,101163.85,98168.096
117,300647.SZ,20220905,9.65,9.76,9.4,9.52,9.7,-0.18,-1.8557,94641.91,90394.896
118,300647.SZ,20220902,9.77,9.89,9.61,9.7,9.78,-0.08,-0.818,68967.93,67173.915
119,300647.SZ,20220901,9.71,9.92,9.51,9.78,9.69,0.09,0.9288,99160.83,96378.724
120,300647.SZ,20220831,10.1,10.17,9.64,9.69,10.15,-0.46,-4.532,128431.27,126269.595
121,300647.SZ,20220830,10.29,10.47,9.94,10.15,10.37,-0.22,-2.1215,147899.37,149740.426
122,300647.SZ,20220829,10.33,10.78,10.18,10.37,10.48,-0.11,-1.0496,152056.63,159829.936
123,300647.SZ,20220826,10.59,10.95,10.47,10.48,10.59,-0.11,-1.0387,85974.33,91913.531
124,300647.SZ,20220825,10.81,11.01,10.39,10.59,10.81,-0.22,-2.0352,98903.1,104826.367
125,300647.SZ,20220824,11.56,11.65,10.78,10.81,11.53,-0.72,-6.2446,137967.5,152011.652
126,300647.SZ,20220823,11.47,11.76,11.33,11.53,11.45,0.08,0.6987,81673.0,94461.518
127,300647.SZ,20220822,11.57,11.72,11.26,11.45,11.42,0.03,0.2627,94715.0,108583.365
128,300647.SZ,20220819,11.86,11.94,11.41,11.42,11.84,-0.42,-3.5473,94291.5,109321.744
129,300647.SZ,20220818,11.54,12.03,11.52,11.84,11.6,0.24,2.069,119924.5,141727.365
130,300647.SZ,20220817,11.74,11.81,11.55,11.6,11.78,-0.18,-1.528,77693.6,90384.439
131,300647.SZ,20220816,11.86,12.03,11.68,11.78,11.82,-0.04,-0.3384,88481.5,104545.274
132,300647.SZ,20220815,11.78,11.86,11.49,11.82,11.74,0.08,0.6814,120614.5,141097.906
133,300647.SZ,20220812,12.21,12.22,11.72,11.74,12.19,-0.45,-3.6916,133255.5,159728.333
134,300647.SZ,20220811,11.64,12.48,11.64,12.19,11.64,0.55,4.7251,205939.5,250189.479
135,300647.SZ,20220810,11.18,11.79,11.17,11.64,11.17,0.47,4.2077,147436.7,171611.632
136,300647.SZ,20220809,10.91,11.36,10.91,11.17,10.93,0.24,2.1958,100277.87,112082.726
137,300647.SZ,20220808,10.55,10.95,10.45,10.93,10.56,0.37,3.5038,95159.78,102050.452
138,300647.SZ,20220805,10.55,10.87,10.48,10.56,10.5,0.06,0.5714,113439.3,120730.032
139,300647.SZ,20220804,10.25,10.71,10.15,10.5,10.23,0.27,2.6393,115214.44,119921.654
140,300647.SZ,20220803,10.61,10.9,10.19,10.23,10.51,-0.28,-2.6641,140724.0,148604.632
141,300647.SZ,20220802,11.2,11.22,10.44,10.51,11.37,-0.86,-7.5638,202943.98,216771.389
142,300647.SZ,20220801,11.24,11.52,11.1,11.37,11.39,-0.02,-0.1756,140142.39,158763.698
143,300647.SZ,20220729,11.77,11.89,11.38,11.39,11.72,-0.33,-2.8157,133837.7,155432.273
144,300647.SZ,20220728,11.96,12.07,11.6,11.72,11.75,-0.03,-0.2553,191306.16,226356.228
145,300647.SZ,20220727,11.12,12.02,11.12,11.75,10.98,0.77,7.0128,296160.2,345937.551
146,300647.SZ,20220726,11.17,11.3,9.66,10.98,11.21,-0.23,-2.0517,414775.48,436968.081
147,300647.SZ,20220725,12.18,13.06,11.12,11.21,12.3,-1.09,-8.8618,439791.25,532023.339
148,300647.SZ,20220722,11.78,12.45,11.67,12.3,11.7,0.6,5.1282,318947.75,386505.279
149,300647.SZ,20220721,11.17,12.05,11.13,11.7,11.08,0.62,5.5957,209695.0,244381.158
150,300647.SZ,20220720,11.05,11.25,10.95,11.08,11.05,0.03,0.2715,82458.4,91253.735
151,300647.SZ,20220719,11.33,11.44,11.0,11.05,11.3,-0.25,-2.2124,104413.7,116787.274
152,300647.SZ,20220718,11.25,11.42,11.15,11.3,11.3,0.0,0.0,94451.5,106608.326
153,300647.SZ,20220715,11.3,11.49,11.06,11.3,11.25,0.05,0.4444,121334.0,137331.533
154,300647.SZ,20220714,10.77,11.5,10.64,11.25,10.79,0.46,4.2632,109207.5,121701.137
155,300647.SZ,20220713,10.81,10.95,10.65,10.79,10.8,-0.01,-0.0926,59798.0,64322.978
156,300647.SZ,20220712,11.0,11.0,10.78,10.8,11.04,-0.24,-2.1739,79313.5,86235.187
157,300647.SZ,20220711,11.01,11.1,10.91,11.04,11.09,-0.05,-0.4509,88847.9,97665.102
158,300647.SZ,20220708,11.18,11.36,11.02,11.09,11.12,-0.03,-0.2698,81594.5,90995.659
159,300647.SZ,20220707,11.08,11.26,10.91,11.12,11.08,0.04,0.361,72120.49,80172.953
160,300647.SZ,20220706,11.17,11.2,10.83,11.08,11.15,-0.07,-0.6278,88429.9,97812.116
161,300647.SZ,20220705,11.33,11.54,11.0,11.15,11.26,-0.11,-0.9769,105078.45,117696.448
162,300647.SZ,20220704,11.27,11.44,11.07,11.26,11.27,-0.01,-0.0887,105796.0,118751.555
163,300647.SZ,20220701,11.24,11.5,11.18,11.27,11.24,0.03,0.2669,93906.1,106019.68
164,300647.SZ,20220630,11.4,11.51,11.06,11.24,11.41,-0.17,-1.4899,149303.5,168710.28
165,300647.SZ,20220629,11.85,12.17,11.29,11.41,12.09,-0.68,-5.6245,178104.7,207493.24
166,300647.SZ,20220628,11.28,12.19,11.17,12.09,11.28,0.81,7.1809,243706.97,287867.999
167,300647.SZ,20220627,11.24,11.38,11.0,11.28,11.24,0.04,0.3559,140918.47,158020.691
168,300647.SZ,20220624,10.66,11.4,10.65,11.24,10.66,0.58,5.4409,193292.8,214584.327
169,300647.SZ,20220623,10.32,10.78,10.2,10.66,10.27,0.39,3.7975,136699.48,143932.269
170,300647.SZ,20220622,10.42,10.53,10.2,10.27,10.39,-0.12,-1.155,85401.76,88479.626
171,300647.SZ,20220621,10.39,10.65,10.11,10.39,10.27,0.12,1.1685,116424.27,121201.098
172,300647.SZ,20220620,10.16,10.42,10.11,10.27,10.02,0.25,2.495,135978.19,139389.231
173,300647.SZ,20220617,9.91,10.23,9.91,10.02,9.99,0.03,0.3003,119380.07,120142.358
174,300647.SZ,20220616,9.94,10.29,9.91,9.99,10.04,-0.05,-0.498,95924.67,96715.135
175,300647.SZ,20220615,10.26,10.39,10.03,10.04,10.25,-0.21,-2.0488,128923.0,131116.54
176,300647.SZ,20220614,10.08,10.75,9.91,10.25,10.0,0.25,2.5,231548.0,239156.685
177,300647.SZ,20220613,9.65,10.07,9.65,10.0,9.71,0.29,2.9866,106088.0,105385.108
178,300647.SZ,20220610,9.58,9.79,9.46,9.71,9.54,0.17,1.782,68875.0,66663.325
179,300647.SZ,20220609,9.79,9.8,9.33,9.54,9.8,-0.26,-2.6531,95380.57,90953.443
180,300647.SZ,20220608,9.77,9.9,9.51,9.8,9.8,0.0,0.0,87738.66,85267.309
181,300647.SZ,20220607,10.11,10.16,9.74,9.8,10.05,-0.25,-2.4876,96182.5,95178.2
182,300647.SZ,20220606,9.76,10.07,9.74,10.05,9.72,0.33,3.3951,125600.5,125482.338
183,300647.SZ,20220602,9.59,9.85,9.56,9.72,9.63,0.09,0.9346,71095.5,69213.308
184,300647.SZ,20220601,9.63,9.85,9.5,9.63,9.59,0.04,0.4171,79157.5,76617.703
185,300647.SZ,20220531,9.72,9.72,9.47,9.59,9.6,-0.01,-0.1042,70268.5,67242.06
186,300647.SZ,20220530,9.83,9.84,9.52,9.6,9.74,-0.14,-1.4374,84801.66,81742.455
187,300647.SZ,20220527,9.89,9.97,9.6,9.74,9.77,-0.03,-0.3071,82128.16,80079.244
188,300647.SZ,20220526,9.66,9.92,9.45,9.77,9.66,0.11,1.1387,94706.15,91982.33
189,300647.SZ,20220525,9.64,9.84,9.53,9.66,9.6,0.06,0.625,96146.9,93047.738
190,300647.SZ,20220524,9.99,10.07,9.57,9.6,9.99,-0.39,-3.9039,145046.0,142395.424
191,300647.SZ,20220523,9.76,10.14,9.71,9.99,9.73,0.26,2.6721,147452.54,147188.627
192,300647.SZ,20220520,9.3,9.93,9.29,9.73,9.3,0.43,4.6237,161549.27,157266.225
193,300647.SZ,20220519,9.16,9.34,9.15,9.3,9.29,0.01,0.1076,112587.2,104163.004
194,300647.SZ,20220518,8.9,9.44,8.89,9.29,8.92,0.37,4.148,168395.49,155937.263
195,300647.SZ,20220517,8.83,9.02,8.82,8.92,8.95,-0.03,-0.3352,82643.0,73788.653
196,300647.SZ,20220516,8.99,9.06,8.84,8.95,8.95,0.0,0.0,78388.5,69944.983
197,300647.SZ,20220513,9.11,9.14,8.86,8.95,9.05,-0.1,-1.105,89253.82,80038.138
198,300647.SZ,20220512,8.63,9.16,8.63,9.05,8.7,0.35,4.023,174744.68,156423.21
199,300647.SZ,20220511,8.8,8.98,8.7,8.7,8.84,-0.14,-1.5837,162172.1,143231.599
200,300647.SZ,20220510,8.66,8.97,8.61,8.84,8.81,0.03,0.3405,176098.34,155239.093
201,300647.SZ,20220509,8.38,8.87,8.38,8.81,8.26,0.55,6.6586,246636.0,214366.819
202,300647.SZ,20220506,8.0,8.46,7.98,8.26,8.21,0.05,0.609,215833.0,178369.169
203,300647.SZ,20220505,7.87,8.64,7.65,8.21,7.45,0.76,10.2013,266413.6,217214.051
204,300647.SZ,20220429,7.15,7.77,7.1,7.45,7.15,0.3,4.1958,230138.67,170802.536
205,300647.SZ,20220428,6.21,7.22,6.21,7.15,6.28,0.87,13.8535,213511.5,145025.251
206,300647.SZ,20220427,6.12,6.33,5.82,6.28,6.14,0.14,2.2801,132164.0,80550.409
207,300647.SZ,20220426,6.81,6.92,6.08,6.14,6.72,-0.58,-8.631,110942.61,71058.651
208,300647.SZ,20220425,7.73,7.74,6.7,6.72,7.8,-1.08,-13.8462,127914.35,91452.879
209,300647.SZ,20220422,7.89,7.96,7.76,7.8,7.89,-0.09,-1.1407,40489.86,31786.019
210,300647.SZ,20220421,8.08,8.19,7.8,7.89,8.14,-0.25,-3.0713,58690.0,47096.811
211,300647.SZ,20220420,8.18,8.38,8.1,8.14,8.18,-0.04,-0.489,61149.5,50317.62
212,300647.SZ,20220419,8.03,8.26,8.03,8.18,8.03,0.15,1.868,50060.39,40832.831
213,300647.SZ,20220418,7.91,8.06,7.87,8.03,8.07,-0.04,-0.4957,40003.4,31958.376
214,300647.SZ,20220415,8.14,8.14,7.84,8.07,8.14,-0.07,-0.86,59566.2,47407.464
215,300647.SZ,20220414,8.29,8.31,8.12,8.14,8.22,-0.08,-0.9732,52329.5,42885.523
216,300647.SZ,20220413,8.17,8.43,7.97,8.22,8.11,0.11,1.3564,90196.0,73949.566
217,300647.SZ,20220412,7.76,8.16,7.76,8.11,7.86,0.25,3.1807,59176.68,47384.475
218,300647.SZ,20220411,8.0,8.14,7.6,7.86,8.0,-0.14,-1.75,72189.5,57359.863
219,300647.SZ,20220408,8.15,8.23,7.85,8.0,8.19,-0.19,-2.3199,63900.5,51103.213
220,300647.SZ,20220407,8.32,8.42,8.17,8.19,8.37,-0.18,-2.1505,50771.73,41924.322
221,300647.SZ,20220406,8.21,8.5,8.11,8.37,8.25,0.12,1.4545,67638.8,56569.412
222,300647.SZ,20220401,8.3,8.3,8.13,8.25,8.34,-0.09,-1.0791,62240.5,51022.342
223,300647.SZ,20220331,8.44,8.55,8.25,8.34,8.52,-0.18,-2.1127,73951.35,61784.143
224,300647.SZ,20220330,8.25,8.69,8.23,8.52,8.18,0.34,4.1565,119384.21,101846.629
225,300647.SZ,20220329,8.31,8.36,8.06,8.18,8.32,-0.14,-1.6827,84833.79,69519.595
226,300647.SZ,20220328,8.39,8.45,8.22,8.32,8.49,-0.17,-2.0024,66764.0,55493.48
227,300647.SZ,20220325,8.69,8.75,8.4,8.49,8.69,-0.2,-2.3015,110433.5,94351.663
228,300647.SZ,20220324,8.93,8.97,8.63,8.69,8.93,-0.24,-2.6876,94679.04,82527.877
229,300647.SZ,20220323,8.91,9.13,8.82,8.93,8.83,0.1,1.1325,92469.85,83323.615
230,300647.SZ,20220322,8.97,9.01,8.73,8.83,8.99,-0.16,-1.7798,93466.9,82771.668
231,300647.SZ,20220321,9.07,9.43,8.91,8.99,9.08,-0.09,-0.9912,144918.72,132603.9
232,300647.SZ,20220318,8.97,9.13,8.85,9.08,8.95,0.13,1.4525,88986.9,80392.443
233,300647.SZ,20220317,8.85,9.16,8.69,8.95,8.6,0.35,4.0698,166721.29,149949.953
234,300647.SZ,20220316,8.5,8.66,8.14,8.6,8.21,0.39,4.7503,113997.5,96140.917
235,300647.SZ,20220315,8.8,8.95,8.19,8.21,8.89,-0.68,-7.649,117452.0,100356.071
236,300647.SZ,20220314,9.06,9.1,8.87,8.89,9.15,-0.26,-2.8415,88885.1,79573.31
237,300647.SZ,20220311,9.06,9.22,8.94,9.15,9.19,-0.04,-0.4353,100380.69,91221.326
238,300647.SZ,20220310,9.13,9.49,8.98,9.19,8.85,0.34,3.8418,156768.68,144501.075
239,300647.SZ,20220309,9.08,9.14,8.46,8.85,8.97,-0.12,-1.3378,119331.52,104894.178
240,300647.SZ,20220308,9.36,9.38,8.88,8.97,9.33,-0.36,-3.8585,115864.18,105344.35
241,300647.SZ,20220307,9.58,9.58,9.17,9.33,9.57,-0.24,-2.5078,120037.09,112088.212
242,300647.SZ,20220304,9.92,9.92,9.49,9.57,9.72,-0.15,-1.5432,104087.9,100501.578
243,300647.SZ,20220303,9.86,9.93,9.66,9.72,9.85,-0.13,-1.3198,111799.5,109189.473
244,300647.SZ,20220302,9.9,9.98,9.8,9.85,9.98,-0.13,-1.3026,109407.52,108086.557
245,300647.SZ,20220301,10.15,10.24,9.88,9.98,10.15,-0.17,-1.6749,158076.5,158293.223
246,300647.SZ,20220228,9.9,10.25,9.67,10.15,9.97,0.18,1.8054,205051.21,206170.771
247,300647.SZ,20220225,10.15,10.44,9.8,9.97,10.05,-0.08,-0.796,256186.0,257385.311
248,300647.SZ,20220224,9.8,10.74,9.72,10.05,9.86,0.19,1.927,386601.34,391000.978
249,300647.SZ,20220223,9.51,9.92,9.49,9.86,9.48,0.38,4.0084,238543.74,233354.402
250,300647.SZ,20220222,9.54,9.78,9.44,9.48,9.62,-0.14,-1.4553,167128.32,159939.604
251,300647.SZ,20220221,9.35,9.7,9.28,9.62,9.32,0.3,3.2189,165217.13,158233.262
252,300647.SZ,20220218,9.11,9.44,9.03,9.32,9.19,0.13,1.4146,122576.5,113816.822
253,300647.SZ,20220217,9.3,9.37,9.11,9.19,9.25,-0.06,-0.6486,134051.98,123934.723
254,300647.SZ,20220216,9.46,9.46,9.24,9.25,9.39,-0.14,-1.4909,124995.13,116536.629
255,300647.SZ,20220215,9.26,9.48,9.18,9.39,9.36,0.03,0.3205,171776.7,160515.606
256,300647.SZ,20220214,9.06,9.69,8.81,9.36,9.19,0.17,1.8498,231118.65,216027.436
257,300647.SZ,20220211,9.22,9.39,9.06,9.19,9.17,0.02,0.2181,168644.49,155018.569
258,300647.SZ,20220210,9.16,9.33,9.03,9.17,9.16,0.01,0.1092,152621.6,140056.852
259,300647.SZ,20220209,9.08,9.39,8.92,9.16,9.08,0.08,0.8811,249519.35,230001.733
260,300647.SZ,20220208,8.87,9.1,8.62,9.08,8.83,0.25,2.8313,238512.45,213359.465
261,300647.SZ,20220207,8.94,9.11,8.38,8.83,8.51,0.32,3.7603,187490.75,163794.851
262,300647.SZ,20220128,8.12,8.67,8.07,8.51,8.11,0.4,4.9322,109725.8,91876.16
263,300647.SZ,20220127,8.5,8.52,8.08,8.11,8.47,-0.36,-4.2503,86592.34,71323.42
264,300647.SZ,20220126,8.25,8.53,8.25,8.47,8.21,0.26,3.1669,91928.0,77433.202
265,300647.SZ,20220125,8.65,8.74,8.2,8.21,8.76,-0.55,-6.2785,141040.6,117706.626
266,300647.SZ,20220124,8.66,8.84,8.56,8.76,8.75,0.01,0.1143,79432.92,69267.567
267,300647.SZ,20220121,8.6,8.95,8.6,8.75,8.61,0.14,1.626,130808.08,114765.457
268,300647.SZ,20220120,8.83,8.97,8.59,8.61,8.89,-0.28,-3.1496,119644.0,104273.798
269,300647.SZ,20220119,8.77,9.01,8.72,8.89,8.79,0.1,1.1377,109422.11,97120.431
270,300647.SZ,20220118,9.2,9.21,8.71,8.79,9.22,-0.43,-4.6638,189982.89,169530.578
271,300647.SZ,20220117,8.99,9.23,8.95,9.22,9.02,0.2,2.2173,200839.46,183933.313
272,300647.SZ,20220114,8.93,9.12,8.84,9.02,8.95,0.07,0.7821,306853.27,276451.826
273,300647.SZ,20220113,8.69,9.17,8.62,8.95,8.63,0.32,3.708,395205.66,354424.601
274,300647.SZ,20220112,8.44,8.69,8.44,8.63,8.46,0.17,2.0095,129396.4,111356.667
275,300647.SZ,20220111,8.51,8.65,8.41,8.46,8.47,-0.01,-0.1181,62748.5,53458.455
276,300647.SZ,20220110,8.6,8.6,8.27,8.47,8.5,-0.03,-0.3529,60955.5,51362.223
277,300647.SZ,20220107,8.69,8.76,8.48,8.5,8.67,-0.17,-1.9608,110271.54,94565.846
278,300647.SZ,20220106,8.49,8.78,8.47,8.67,8.53,0.14,1.6413,192561.9,166820.15
279,300647.SZ,20220105,8.53,8.67,8.37,8.53,8.53,0.0,0.0,145675.15,124101.054
280,300647.SZ,20220104,8.17,8.68,8.15,8.53,8.18,0.35,4.2787,162177.81,136695.48
281,300647.SZ,20211231,8.15,8.21,8.08,8.18,8.17,0.01,0.1224,53738.5,43773.287
282,300647.SZ,20211230,8.08,8.29,8.06,8.17,8.14,0.03,0.3686,65855.0,53998.572
283,300647.SZ,20211229,8.08,8.19,7.98,8.14,8.1,0.04,0.4938,57772.21,46701.989
284,300647.SZ,20211228,7.95,8.11,7.93,8.1,7.98,0.12,1.5038,51071.99,41066.089
285,300647.SZ,20211227,7.91,8.02,7.85,7.98,7.91,0.07,0.885,44868.4,35630.448
286,300647.SZ,20211224,8.08,8.17,7.87,7.91,8.06,-0.15,-1.861,81186.55,64669.78
287,300647.SZ,20211223,8.44,8.44,8.05,8.06,8.44,-0.38,-4.5024,123297.71,101112.043
288,300647.SZ,20211222,8.43,8.51,8.39,8.44,8.42,0.02,0.2375,52943.68,44718.627
289,300647.SZ,20211221,8.33,8.43,8.29,8.42,8.28,0.14,1.6908,51568.65,43228.043
290,300647.SZ,20211220,8.38,8.42,8.27,8.28,8.39,-0.11,-1.3111,67827.0,56504.099
291,300647.SZ,20211217,8.63,8.63,8.3,8.39,8.63,-0.24,-2.781,111274.0,93815.691
292,300647.SZ,20211216,8.55,8.68,8.55,8.63,8.6,0.03,0.3488,80724.18,69455.968
293,300647.SZ,20211215,8.76,8.88,8.58,8.6,8.76,-0.16,-1.8265,145925.18,127022.225
294,300647.SZ,20211214,8.87,9.03,8.7,8.76,8.83,-0.07,-0.7928,226425.55,200265.609
295,300647.SZ,20211213,8.74,9.07,8.54,8.83,8.77,0.06,0.6842,257078.0,227089.162
296,300647.SZ,20211210,8.53,8.95,8.52,8.77,8.64,0.13,1.5046,159669.45,140480.434
297,300647.SZ,20211209,8.36,8.98,8.34,8.64,8.4,0.24,2.8571,109383.31,94606.598
298,300647.SZ,20211208,8.31,8.56,8.3,8.4,8.26,0.14,1.6949,59782.5,50345.747
299,300647.SZ,20211207,8.56,8.59,8.2,8.26,8.44,-0.18,-2.1327,64683.3,53824.271
300,300647.SZ,20211206,8.71,8.75,8.33,8.44,8.7,-0.26,-2.9885,89834.0,75943.81
301,300647.SZ,20211203,8.73,8.85,8.67,8.7,8.71,-0.01,-0.1148,54104.61,47314.919
302,300647.SZ,20211202,8.99,9.05,8.69,8.71,8.98,-0.27,-3.0067,101337.5,89080.569
303,300647.SZ,20211201,8.81,8.98,8.74,8.98,8.76,0.22,2.5114,99532.83,88427.825
304,300647.SZ,20211130,8.65,8.93,8.65,8.76,8.62,0.14,1.6241,103043.27,90697.712
305,300647.SZ,20211129,8.63,8.74,8.5,8.62,8.66,-0.04,-0.4619,50499.63,43654.842
306,300647.SZ,20211126,8.75,8.79,8.62,8.66,8.79,-0.13,-1.479,54895.11,47639.313
307,300647.SZ,20211125,8.85,8.93,8.75,8.79,8.84,-0.05,-0.5656,53038.5,46746.814
308,300647.SZ,20211124,8.88,8.96,8.8,8.84,8.89,-0.05,-0.5624,61840.0,54873.498
309,300647.SZ,20211123,8.98,9.05,8.8,8.89,8.99,-0.1,-1.1123,97613.65,86975.795
310,300647.SZ,20211122,8.94,9.15,8.88,8.99,8.96,0.03,0.3348,97311.5,87812.301
311,300647.SZ,20211119,8.74,9.24,8.7,8.96,8.75,0.21,2.4,121027.24,109069.85
312,300647.SZ,20211118,9.0,9.18,8.72,8.75,9.0,-0.25,-2.7778,101897.0,90127.151
313,300647.SZ,20211117,8.56,9.07,8.48,9.0,8.5,0.5,5.8824,150530.7,132516.083
314,300647.SZ,20211116,8.59,8.68,8.45,8.5,8.59,-0.09,-1.0477,74697.69,63814.181
315,300647.SZ,20211115,8.6,8.73,8.52,8.59,8.51,0.08,0.9401,86193.2,74102.135
316,300647.SZ,20211112,8.53,8.66,8.36,8.51,8.45,0.06,0.7101,106052.82,90219.593
317,300647.SZ,20211111,8.32,8.47,8.31,8.45,8.37,0.08,0.9558,66022.56,55420.692
318,300647.SZ,20211110,8.23,8.37,8.17,8.37,8.24,0.13,1.5777,66064.71,54683.273
319,300647.SZ,20211109,8.08,8.24,8.08,8.24,8.07,0.17,2.1066,60346.74,49401.098
320,300647.SZ,20211108,8.18,8.2,7.9,8.07,8.17,-0.1,-1.224,58050.6,46400.67
321,300647.SZ,20211105,8.09,8.25,8.09,8.17,8.08,0.09,1.1139,69505.28,56855.258
322,300647.SZ,20211104,8.06,8.14,8.0,8.08,8.05,0.03,0.3727,60247.36,48495.816
323,300647.SZ,20211103,7.9,8.15,7.88,8.05,7.95,0.1,1.2579,60332.76,48234.702
324,300647.SZ,20211102,8.2,8.34,7.83,7.95,8.23,-0.28,-3.4022,77844.52,62714.607
325,300647.SZ,20211101,7.85,8.45,7.84,8.23,7.93,0.3,3.7831,84566.65,69536.58
326,300647.SZ,20211029,7.68,8.05,7.63,7.93,7.84,0.09,1.148,69192.92,54673.826
327,300647.SZ,20211028,8.1,8.17,7.8,7.84,8.09,-0.25,-3.0902,57183.64,45407.457
328,300647.SZ,20211027,8.49,8.55,8.0,8.09,8.56,-0.47,-5.4907,77377.2,63269.31
329,300647.SZ,20211026,8.4,8.63,8.32,8.56,8.37,0.19,2.27,66256.7,56355.999
330,300647.SZ,20211025,8.4,8.47,8.28,8.37,8.42,-0.05,-0.5938,54478.1,45358.519
331,300647.SZ,20211022,8.49,8.6,8.4,8.42,8.46,-0.04,-0.4728,47484.2,40270.401
332,300647.SZ,20211021,8.81,8.84,8.42,8.46,8.78,-0.32,-3.6446,76816.0,65779.853
333,300647.SZ,20211020,9.0,9.0,8.74,8.78,8.96,-0.18,-2.0089,54161.19,47716.161
334,300647.SZ,20211019,9.0,9.13,8.93,8.96,8.99,-0.03,-0.3337,46066.0,41536.879
335,300647.SZ,20211018,8.9,9.0,8.67,8.99,9.0,-0.01,-0.1111,62225.0,54975.538
336,300647.SZ,20211015,9.15,9.15,8.98,9.0,9.12,-0.12,-1.3158,34357.09,31032.916
337,300647.SZ,20211014,9.14,9.17,8.98,9.12,9.12,0.0,0.0,39586.7,35950.584
338,300647.SZ,20211013,8.98,9.18,8.98,9.12,9.04,0.08,0.885,27336.0,24882.926
339,300647.SZ,20211012,9.34,9.35,8.95,9.04,9.32,-0.28,-3.0043,44703.5,40632.285
340,300647.SZ,20211011,9.24,9.43,9.18,9.32,9.24,0.08,0.8658,48072.3,44792.99
341,300647.SZ,20211008,9.19,9.43,9.19,9.24,9.13,0.11,1.2048,46553.5,43266.409
342,300647.SZ,20210930,8.92,9.22,8.92,9.13,8.92,0.21,2.3543,46361.09,42108.661
343,300647.SZ,20210929,9.1,9.39,8.9,8.92,9.05,-0.13,-1.4365,60840.8,55475.26
344,300647.SZ,20210928,8.98,9.12,8.89,9.05,8.97,0.08,0.8919,46871.81,42294.385
345,300647.SZ,20210927,9.45,9.49,8.8,8.97,9.39,-0.42,-4.4728,74530.62,67561.909
346,300647.SZ,20210924,9.83,9.9,9.31,9.39,9.86,-0.47,-4.7667,91702.22,87348.868
347,300647.SZ,20210923,9.82,9.96,9.74,9.86,9.79,0.07,0.715,49787.95,49066.801
348,300647.SZ,20210922,9.69,9.88,9.6,9.79,9.68,0.11,1.1364,44482.37,43425.862
349,300647.SZ,20210917,10.23,10.33,9.65,9.68,10.23,-0.55,-5.3763,118729.3,117796.024
350,300647.SZ,20210916,10.56,10.7,10.21,10.23,10.68,-0.45,-4.2135,73875.83,77260.394
351,300647.SZ,20210915,10.36,10.91,10.36,10.68,10.58,0.1,0.9452,72854.43,77812.241
352,300647.SZ,20210914,10.6,10.89,10.46,10.58,10.46,0.12,1.1472,82962.28,88673.663
353,300647.SZ,20210913,10.76,10.79,10.3,10.46,10.84,-0.38,-3.5055,105920.4,110884.668
354,300647.SZ,20210910,10.81,11.03,10.78,10.84,10.82,0.02,0.1848,71261.43,77612.141
355,300647.SZ,20210909,11.24,11.24,10.7,10.82,11.24,-0.42,-3.7367,120863.0,132017.818
356,300647.SZ,20210908,11.53,11.65,11.11,11.24,11.53,-0.29,-2.5152,129860.83,146968.739
357,300647.SZ,20210907,11.33,11.71,11.26,11.53,11.4,0.13,1.1404,134018.39,154936.518
358,300647.SZ,20210906,11.24,11.53,10.95,11.4,11.24,0.16,1.4235,121222.45,136238.769
359,300647.SZ,20210903,11.14,11.38,10.94,11.24,11.15,0.09,0.8072,108254.73,121021.755
360,300647.SZ,20210902,10.88,11.18,10.6,11.15,10.91,0.24,2.1998,111318.28,121966.831
361,300647.SZ,20210901,11.24,11.39,10.7,10.91,11.2,-0.29,-2.5893,125123.35,138148.759
362,300647.SZ,20210831,11.63,11.64,11.0,11.2,11.63,-0.43,-3.6973,163731.5,183796.74
363,300647.SZ,20210830,11.28,11.86,10.97,11.63,11.92,-0.29,-2.4329,203153.4,232389.129
364,300647.SZ,20210827,12.22,12.37,11.69,11.92,12.4,-0.48,-3.871,227003.41,271892.668
365,300647.SZ,20210826,12.1,12.78,12.1,12.4,12.19,0.21,1.7227,314096.6,393117.676
366,300647.SZ,20210825,12.4,12.48,12.08,12.19,12.37,-0.18,-1.4551,210183.66,256755.372
367,300647.SZ,20210824,13.13,13.2,12.35,12.37,12.99,-0.62,-4.7729,323989.46,411370.235
368,300647.SZ,20210823,12.89,13.39,12.8,12.99,13.0,-0.01,-0.0769,369853.15,481934.308
369,300647.SZ,20210820,11.75,13.27,11.48,13.0,11.74,1.26,10.7325,544826.82,681461.539
370,300647.SZ,20210819,11.12,12.21,11.09,11.74,11.16,0.58,5.1971,305304.25,356463.678
371,300647.SZ,20210818,11.0,11.25,10.91,11.16,11.05,0.11,0.9955,157232.26,174416.843
372,300647.SZ,20210817,11.51,11.6,10.89,11.05,11.5,-0.45,-3.913,180059.7,200377.214
373,300647.SZ,20210816,12.07,12.18,11.37,11.5,12.07,-0.57,-4.7225,218791.46,254025.435
374,300647.SZ,20210813,11.96,12.33,11.81,12.07,11.95,0.12,1.0042,280877.81,339458.447
375,300647.SZ,20210812,11.55,12.5,11.5,11.95,11.62,0.33,2.8399,396393.31,477545.006
376,300647.SZ,20210811,11.06,11.75,10.89,11.62,11.14,0.48,4.3088,322341.35,367669.852
377,300647.SZ,20210810,10.61,11.43,10.6,11.14,10.6,0.54,5.0943,311957.25,345914.75
378,300647.SZ,20210809,11.0,11.11,10.5,10.6,10.93,-0.33,-3.0192,164511.5,176363.78
379,300647.SZ,20210806,11.07,11.11,10.72,10.93,10.96,-0.03,-0.2737,167247.92,182223.744
380,300647.SZ,20210805,10.9,11.07,10.47,10.96,11.15,-0.19,-1.704,218066.41,235855.964
381,300647.SZ,20210804,10.86,11.25,10.71,11.15,10.95,0.2,1.8265,251631.37,277569.318
382,300647.SZ,20210803,10.87,11.18,10.6,10.95,10.78,0.17,1.577,252833.02,275725.908
383,300647.SZ,20210802,10.82,11.11,10.53,10.78,10.78,0.0,0.0,174131.02,187328.959
384,300647.SZ,20210730,10.27,10.88,10.06,10.78,10.13,0.65,6.4166,240122.71,254868.743
385,300647.SZ,20210729,9.48,10.3,9.38,10.13,9.27,0.86,9.2772,217767.36,217960.439
386,300647.SZ,20210728,10.07,10.14,9.2,9.27,10.23,-0.96,-9.3842,187820.17,179394.125
387,300647.SZ,20210727,10.76,11.0,10.2,10.23,10.75,-0.52,-4.8372,216207.0,231889.54
388,300647.SZ,20210726,10.92,11.11,10.3,10.75,10.9,-0.15,-1.3761,211020.79,226023.487
389,300647.SZ,20210723,10.6,11.09,10.57,10.9,10.82,0.08,0.7394,244119.06,265769.538
390,300647.SZ,20210722,10.75,10.9,10.4,10.82,10.53,0.29,2.754,215151.89,230259.637
391,300647.SZ,20210721,10.2,10.63,10.13,10.53,10.19,0.34,3.3366,197288.2,205921.987
392,300647.SZ,20210720,10.17,10.23,10.01,10.19,10.32,-0.13,-1.2597,108016.66,109262.986
393,300647.SZ,20210719,10.07,10.44,9.86,10.32,9.95,0.37,3.7186,148412.67,151205.983
394,300647.SZ,20210716,10.14,10.25,9.95,9.95,10.22,-0.27,-2.6419,142225.26,143317.728
395,300647.SZ,20210715,10.35,10.62,9.91,10.22,10.73,-0.51,-4.753,227845.5,234048.588
396,300647.SZ,20210714,11.71,12.0,10.71,10.73,11.5,-0.77,-6.6957,411732.16,461964.893
397,300647.SZ,20210713,10.49,11.68,10.17,11.5,10.65,0.85,7.9812,434041.05,473642.313
398,300647.SZ,20210712,10.47,10.8,10.31,10.65,10.52,0.13,1.2357,190830.15,202221.419
399,300647.SZ,20210709,10.28,10.78,10.21,10.52,10.28,0.24,2.3346,192449.38,202099.395
400,300647.SZ,20210708,10.39,10.4,10.14,10.28,10.25,0.03,0.2927,122726.6,125801.036
401,300647.SZ,20210707,9.82,10.36,9.8,10.25,9.91,0.34,3.4309,169005.6,171566.66
402,300647.SZ,20210706,10.08,10.08,9.7,9.91,10.0,-0.09,-0.9,100133.88,98990.252
403,300647.SZ,20210705,9.59,10.11,9.56,10.0,9.67,0.33,3.4126,109880.05,108814.012
404,300647.SZ,20210702,9.74,9.97,9.58,9.67,9.75,-0.08,-0.8205,83486.7,81462.904
405,300647.SZ,20210701,10.2,10.35,9.64,9.75,10.29,-0.54,-5.2478,158388.8,158492.424
406,300647.SZ,20210630,10.2,10.55,10.12,10.29,10.31,-0.02,-0.194,157992.96,162890.821
407,300647.SZ,20210629,10.23,10.46,9.93,10.31,10.3,0.01,0.0971,138856.87,142286.748
408,300647.SZ,20210628,10.16,10.35,10.07,10.3,10.17,0.13,1.2783,121639.5,124594.363
409,300647.SZ,20210625,10.7,10.91,10.0,10.17,10.62,-0.45,-4.2373,233898.0,241984.616
410,300647.SZ,20210624,10.78,10.96,10.56,10.62,11.1,-0.48,-4.3243,218670.62,234733.86
411,300647.SZ,20210623,11.29,11.8,11.01,11.1,11.52,-0.42,-3.6458,349864.06,395665.32
412,300647.SZ,20210622,10.6,11.62,10.5,11.52,10.79,0.73,6.7655,418470.96,466360.923
413,300647.SZ,20210621,10.01,11.4,9.9,10.79,10.71,0.08,0.747,350960.26,369297.241
414,300647.SZ,20210618,10.05,11.6,9.88,10.71,10.19,0.52,5.103,350934.72,373902.759
415,300647.SZ,20210617,9.74,10.29,9.65,10.19,9.74,0.45,4.6201,241091.67,243202.292
416,300647.SZ,20210616,9.8,9.93,9.64,9.74,9.9,-0.16,-1.6162,137473.93,134058.002
417,300647.SZ,20210615,9.17,9.95,9.17,9.9,9.21,0.69,7.4919,207277.31,199875.493
418,300647.SZ,20210611,9.53,9.62,9.17,9.21,9.59,-0.38,-3.9625,101565.9,95287.429
419,300647.SZ,20210610,9.34,9.65,9.34,9.59,9.37,0.22,2.3479,126248.0,120332.515
420,300647.SZ,20210609,9.42,9.48,9.28,9.37,9.41,-0.04,-0.4251,69498.6,65077.137
421,300647.SZ,20210608,9.2,9.42,9.09,9.41,9.23,0.18,1.9502,103555.66,96514.289
422,300647.SZ,20210607,9.18,9.38,9.15,9.23,9.15,0.08,0.8743,55629.0,51479.768
423,300647.SZ,20210604,9.0,9.27,8.95,9.15,9.03,0.12,1.3289,54710.5,50028.731
424,300647.SZ,20210603,9.1,9.25,9.02,9.03,9.04,-0.01,-0.1106,54347.66,49717.059
425,300647.SZ,20210602,9.33,9.36,9.03,9.04,9.36,-0.32,-3.4188,70309.41,64407.324
426,300647.SZ,20210601,9.29,9.46,9.17,9.36,9.29,0.07,0.7535,67461.7,63040.167
427,300647.SZ,20210531,9.13,9.35,9.11,9.29,9.22,0.07,0.7592,57262.63,52881.786
428,300647.SZ,20210528,9.39,9.51,9.17,9.22,9.41,-0.19,-2.0191,86110.1,80190.119
429,300647.SZ,20210527,9.45,9.7,9.41,9.41,9.57,-0.16,-1.6719,101448.0,96544.781
430,300647.SZ,20210526,9.18,9.57,9.12,9.57,9.24,0.33,3.5714,129867.83,121316.221
431,300647.SZ,20210525,9.42,9.42,9.1,9.24,9.42,-0.18,-1.9108,87240.01,80234.818
432,300647.SZ,20210524,9.36,9.48,9.21,9.42,9.3,0.12,1.2903,89889.18,83954.06
433,300647.SZ,20210521,9.55,9.82,9.28,9.3,9.53,-0.23,-2.4134,136912.0,130169.128
434,300647.SZ,20210520,8.95,9.88,8.91,9.53,9.08,0.45,4.9559,193186.18,183149.533
435,300647.SZ,20210519,8.74,9.35,8.63,9.08,8.76,0.32,3.653,130809.13,118494.845
436,300647.SZ,20210518,8.7,8.78,8.58,8.76,8.67,0.09,1.0381,25607.23,22222.306
437,300647.SZ,20210517,8.93,8.98,8.64,8.67,8.93,-0.26,-2.9115,55060.0,48153.36
438,300647.SZ,20210514,8.76,8.97,8.7,8.93,8.77,0.16,1.8244,65009.5,57663.923
439,300647.SZ,20210513,8.75,8.9,8.74,8.77,8.84,-0.07,-0.7919,41612.0,36706.988
440,300647.SZ,20210512,8.67,8.85,8.58,8.84,8.68,0.16,1.8433,41515.78,36314.758
441,300647.SZ,20210511,8.59,8.73,8.52,8.68,8.63,0.05,0.5794,24189.7,20837.892
442,300647.SZ,20210510,8.75,8.84,8.6,8.63,8.75,-0.12,-1.3714,33988.5,29503.11
443,300647.SZ,20210507,8.54,8.98,8.48,8.75,8.53,0.22,2.5791,49456.5,43336.415
444,300647.SZ,20210506,8.48,8.64,8.48,8.53,8.49,0.04,0.4711,16679.0,14271.937
445,300647.SZ,20210430,8.61,8.68,8.46,8.49,8.61,-0.12,-1.3937,33445.96,28597.326
446,300647.SZ,20210429,8.73,8.8,8.61,8.61,8.74,-0.13,-1.4874,33279.0,28935.119
447,300647.SZ,20210428,8.62,8.87,8.6,8.74,8.57,0.17,1.9837,35020.0,30521.102
448,300647.SZ,20210427,8.79,8.8,8.57,8.57,8.88,-0.31,-3.491,37306.0,32269.074
449,300647.SZ,20210426,9.0,9.08,8.87,8.88,9.0,-0.12,-1.3333,36949.5,33037.135
450,300647.SZ,20210423,9.2,9.2,8.91,9.0,9.17,-0.17,-1.8539,54821.0,49321.642
451,300647.SZ,20210422,8.87,9.39,8.86,9.17,8.86,0.31,3.4989,92724.5,84865.13
452,300647.SZ,20210421,8.9,9.06,8.83,8.86,8.9,-0.04,-0.4494,30814.7,27561.58
453,300647.SZ,20210420,9.01,9.07,8.88,8.9,9.03,-0.13,-1.4396,33451.5,29987.841
454,300647.SZ,20210419,8.76,9.05,8.75,9.03,8.81,0.22,2.4972,48016.4,43175.166
455,300647.SZ,20210416,8.69,8.88,8.62,8.81,8.67,0.14,1.6148,28636.63,25104.445
456,300647.SZ,20210415,8.74,8.76,8.65,8.67,8.78,-0.11,-1.2528,20991.6,18250.101
457,300647.SZ,20210414,8.58,8.84,8.52,8.78,8.55,0.23,2.6901,32993.5,28605.078
458,300647.SZ,20210413,8.59,8.64,8.48,8.55,8.6,-0.05,-0.5814,24838.3,21192.556
459,300647.SZ,20210412,8.93,8.96,8.58,8.6,8.93,-0.33,-3.6954,40656.0,35358.617
460,300647.SZ,20210409,8.87,9.04,8.82,8.93,8.81,0.12,1.3621,33761.0,30176.275
461,300647.SZ,20210408,9.0,9.0,8.8,8.81,9.01,-0.2,-2.2198,42593.0,37854.049
462,300647.SZ,20210407,9.06,9.09,8.95,9.01,9.1,-0.09,-0.989,39035.0,35118.746
463,300647.SZ,20210406,9.05,9.13,8.95,9.1,9.05,0.05,0.5525,44261.8,40147.311
464,300647.SZ,20210402,8.83,9.07,8.76,9.05,8.82,0.23,2.6077,64533.4,57915.867
465,300647.SZ,20210401,8.74,8.82,8.62,8.82,8.71,0.11,1.2629,33816.9,29523.564
466,300647.SZ,20210331,8.75,8.77,8.6,8.71,8.68,0.03,0.3456,20320.0,17605.892
467,300647.SZ,20210330,8.67,8.85,8.59,8.68,8.75,-0.07,-0.8,31257.5,27201.686
468,300647.SZ,20210329,8.81,8.92,8.7,8.75,8.77,-0.02,-0.2281,33285.5,29302.372
469,300647.SZ,20210326,8.72,8.79,8.55,8.77,8.62,0.15,1.7401,37729.0,32783.782
470,300647.SZ,20210325,8.71,8.8,8.61,8.62,8.71,-0.09,-1.0333,38100.5,33142.417
471,300647.SZ,20210324,8.91,8.93,8.7,8.71,8.91,-0.2,-2.2447,46218.5,40586.657
472,300647.SZ,20210323,9.13,9.24,8.91,8.91,9.17,-0.26,-2.8353,54217.5,48985.084
473,300647.SZ,20210322,9.18,9.3,9.1,9.17,8.95,0.22,2.4581,63587.0,58343.732
474,300647.SZ,20210319,8.8,9.14,8.78,8.95,9.02,-0.07,-0.7761,47665.96,42713.707
475,300647.SZ,20210318,9.36,9.36,9.01,9.02,9.36,-0.34,-3.6325,74123.46,67583.224
476,300647.SZ,20210317,9.1,9.36,9.06,9.36,9.16,0.2,2.1834,83593.0,77293.183
477,300647.SZ,20210316,8.91,9.18,8.91,9.16,8.93,0.23,2.5756,57306.9,51847.871
478,300647.SZ,20210315,9.12,9.38,8.87,8.93,8.9,0.03,0.3371,66594.4,60580.108
479,300647.SZ,20210312,9.08,9.12,8.85,8.9,9.03,-0.13,-1.4396,38360.92,34269.26
480,300647.SZ,20210311,8.77,9.06,8.64,9.03,8.73,0.3,3.4364,47416.79,42190.918
481,300647.SZ,20210310,9.2,9.22,8.68,8.73,8.99,-0.26,-2.8921,53689.29,47445.713
482,300647.SZ,20210309,9.28,9.48,8.59,8.99,9.46,-0.47,-4.9683,77986.5,70631.563
483,300647.SZ,20210308,9.8,9.8,9.35,9.46,9.7,-0.24,-2.4742,64466.03,61764.281
484,300647.SZ,20210305,9.48,9.79,9.4,9.7,9.47,0.23,2.4287,69485.9,66933.818
485,300647.SZ,20210304,9.79,9.82,9.47,9.47,9.84,-0.37,-3.7602,76895.7,73884.871
486,300647.SZ,20210303,9.94,10.04,9.6,9.84,10.09,-0.25,-2.4777,97892.5,95973.465
487,300647.SZ,20210302,9.8,10.3,9.72,10.09,9.95,0.14,1.407,141256.99,141304.753
488,300647.SZ,20210301,9.73,9.98,9.62,9.95,10.1,-0.15,-1.4851,133761.79,131265.813
489,300647.SZ,20210226,9.45,10.8,9.4,10.1,9.32,0.78,8.3691,196864.19,200160.301
490,300647.SZ,20210225,9.2,9.6,8.94,9.32,9.2,0.12,1.3043,92775.5,85993.025
491,300647.SZ,20210224,8.96,9.29,8.96,9.2,8.95,0.25,2.7933,66273.5,60793.332
492,300647.SZ,20210223,9.15,9.39,8.92,8.95,9.29,-0.34,-3.6598,64056.3,58069.248
493,300647.SZ,20210222,9.02,9.52,9.0,9.29,9.04,0.25,2.7655,88293.5,82445.665
494,300647.SZ,20210219,8.72,9.07,8.55,9.04,8.6,0.44,5.1163,72781.7,64625.204
495,300647.SZ,20210218,8.4,8.73,8.38,8.6,8.18,0.42,5.1345,66382.42,57005.135
496,300647.SZ,20210210,8.2,8.28,8.12,8.18,8.15,0.03,0.3681,36507.0,29950.632
497,300647.SZ,20210209,8.09,8.28,7.91,8.15,8.0,0.15,1.875,53620.5,43448.842
498,300647.SZ,20210208,8.29,8.35,7.95,8.0,8.26,-0.26,-3.1477,48246.5,39143.747
499,300647.SZ,20210205,8.43,8.76,8.16,8.26,8.39,-0.13,-1.5495,47240.5,39660.055
500,300647.SZ,20210204,8.65,8.83,8.23,8.39,8.79,-0.4,-4.5506,64490.5,54491.654
501,300647.SZ,20210203,9.1,9.25,8.72,8.79,9.09,-0.3,-3.3003,66761.23,59863.871
502,300647.SZ,20210202,9.06,9.25,9.01,9.09,9.19,-0.1,-1.0881,43996.0,40061.708
503,300647.SZ,20210201,8.93,9.46,8.9,9.19,8.83,0.36,4.077,81108.9,74488.708
504,300647.SZ,20210129,9.05,9.21,8.6,8.83,9.09,-0.26,-2.8603,82949.63,73758.053
505,300647.SZ,20210128,9.2,9.44,9.06,9.09,9.28,-0.19,-2.0474,64371.5,59414.084
506,300647.SZ,20210127,9.59,9.75,9.19,9.28,9.58,-0.3,-3.1315,79424.0,74890.072
507,300647.SZ,20210126,9.6,9.95,9.53,9.58,9.62,-0.04,-0.4158,65968.5,63987.827
508,300647.SZ,20210125,9.99,10.0,9.58,9.62,9.99,-0.37,-3.7037,82972.5,80872.127
509,300647.SZ,20210122,10.21,10.3,9.95,9.99,10.35,-0.36,-3.4783,90941.5,91576.769
510,300647.SZ,20210121,10.4,10.73,10.3,10.35,10.49,-0.14,-1.3346,90683.0,94766.765
511,300647.SZ,20210120,10.24,10.89,10.24,10.49,10.33,0.16,1.5489,118794.5,125818.551
512,300647.SZ,20210119,10.26,10.58,10.18,10.33,10.45,-0.12,-1.1483,102419.46,106209.309
513,300647.SZ,20210118,9.9,10.65,9.71,10.45,9.81,0.64,6.524,129165.76,132024.241
514,300647.SZ,20210115,9.65,9.98,9.59,9.81,9.65,0.16,1.658,77991.5,76454.853
515,300647.SZ,20210114,9.88,9.95,9.44,9.65,9.91,-0.26,-2.6236,96938.3,93683.203
516,300647.SZ,20210113,10.33,10.41,9.47,9.91,10.3,-0.39,-3.7864,167841.0,165224.358
517,300647.SZ,20210112,10.89,11.06,10.27,10.3,10.86,-0.56,-5.1565,146258.0,153562.071
518,300647.SZ,20210111,11.35,11.77,10.85,10.86,11.51,-0.65,-5.6473,134020.0,150032.673
519,300647.SZ,20210108,11.46,12.0,11.11,11.51,11.38,0.13,1.1424,129009.0,150707.675
520,300647.SZ,20210107,12.05,12.22,11.2,11.38,12.24,-0.86,-7.0261,173475.6,200362.708
521,300647.SZ,20210106,12.86,12.88,12.18,12.24,13.03,-0.79,-6.0629,176293.06,218994.405
522,300647.SZ,20210105,12.45,13.28,12.38,13.03,12.53,0.5,3.9904,266085.96,343778.138
523,300647.SZ,20210104,12.41,12.66,12.17,12.53,12.28,0.25,2.0358,186876.7,232812.27
524,300647.SZ,20201231,12.65,12.69,12.23,12.28,12.46,-0.18,-1.4446,185100.6,229854.541
525,300647.SZ,20201230,12.31,12.72,12.19,12.46,12.65,-0.19,-1.502,219469.76,271976.239
526,300647.SZ,20201229,11.02,12.89,11.0,12.65,11.08,1.57,14.1697,342547.16,421859.193
527,300647.SZ,20201228,11.76,11.76,11.02,11.08,11.95,-0.87,-7.2803,138251.1,156126.075
528,300647.SZ,20201225,11.84,12.38,11.78,11.95,11.96,-0.01,-0.0836,133402.6,161762.379
529,300647.SZ,20201224,12.58,12.58,11.8,11.96,12.46,-0.5,-4.0128,159499.9,192303.102
530,300647.SZ,20201223,11.44,12.47,11.38,12.46,11.5,0.96,8.3478,248342.2,300524.239
531,300647.SZ,20201222,11.38,11.89,11.01,11.5,11.24,0.26,2.3132,166445.5,190953.712
532,300647.SZ,20201221,11.08,11.47,11.01,11.24,11.07,0.17,1.5357,85135.0,96170.558
533,300647.SZ,20201218,11.23,11.47,11.0,11.07,11.29,-0.22,-1.9486,64913.86,72197.117
534,300647.SZ,20201217,11.1,11.38,10.78,11.29,11.2,0.09,0.8036,93181.3,103364.875
535,300647.SZ,20201216,11.75,11.85,11.11,11.2,11.81,-0.61,-5.1651,103862.27,117943.592
536,300647.SZ,20201215,11.94,12.08,11.7,11.81,12.02,-0.21,-1.7471,63470.5,75203.262
537,300647.SZ,20201214,11.78,12.09,11.49,12.02,11.73,0.29,2.4723,68820.16,81737.768
538,300647.SZ,20201211,12.0,12.13,11.5,11.73,11.95,-0.22,-1.841,98581.0,115665.863
539,300647.SZ,20201210,12.2,12.22,11.7,11.95,12.33,-0.38,-3.0819,104685.1,125429.296
540,300647.SZ,20201209,12.67,12.73,12.25,12.33,12.8,-0.47,-3.6719,135735.9,168792.455
541,300647.SZ,20201208,12.02,12.88,12.02,12.8,12.0,0.8,6.6667,179961.51,224714.283
542,300647.SZ,20201207,12.3,12.43,11.91,12.0,12.28,-0.28,-2.2801,103963.0,126779.16
543,300647.SZ,20201204,12.31,12.54,12.2,12.28,12.48,-0.2,-1.6026,90728.0,111859.444
544,300647.SZ,20201203,12.49,12.55,12.22,12.48,12.38,0.1,0.8078,108373.0,134450.764
545,300647.SZ,20201202,12.65,12.68,12.3,12.38,12.48,-0.1,-0.8013,109199.7,135980.337
546,300647.SZ,20201201,12.41,12.65,12.35,12.48,12.52,-0.04,-0.3195,121855.7,152465.157
547,300647.SZ,20201130,12.82,12.93,12.47,12.52,12.8,-0.28,-2.1875,100805.33,128194.469
548,300647.SZ,20201127,13.1,13.38,12.63,12.8,13.21,-0.41,-3.1037,131209.88,169406.755
549,300647.SZ,20201126,13.3,13.85,13.15,13.21,13.1,0.11,0.8397,132053.3,176884.018
550,300647.SZ,20201125,13.76,13.86,13.08,13.1,13.86,-0.76,-5.4834,160661.53,215789.02
551,300647.SZ,20201124,13.72,14.07,13.6,13.86,13.73,0.13,0.9468,98597.2,136705.121
552,300647.SZ,20201123,14.16,14.16,13.64,13.73,14.18,-0.45,-3.1735,127188.56,176392.654
553,300647.SZ,20201120,14.46,14.53,14.13,14.18,14.6,-0.42,-2.8767,137236.8,195898.898
554,300647.SZ,20201119,14.0,14.6,13.75,14.6,14.0,0.6,4.2857,192309.36,274787.736
555,300647.SZ,20201118,13.65,14.32,13.45,14.0,13.62,0.38,2.79,176710.5,246350.49
556,300647.SZ,20201117,14.36,14.36,13.28,13.62,14.13,-0.51,-3.6093,192864.3,263094.89
557,300647.SZ,20201116,14.6,14.73,14.04,14.13,14.73,-0.6,-4.0733,164497.5,235597.159
558,300647.SZ,20201113,14.24,14.83,14.05,14.73,14.26,0.47,3.2959,177059.9,256807.099
559,300647.SZ,20201112,14.91,14.96,14.15,14.26,14.79,-0.53,-3.5835,181113.0,261923.088
560,300647.SZ,20201111,15.57,15.77,14.77,14.79,15.48,-0.69,-4.4574,208183.89,317534.014
561,300647.SZ,20201110,17.01,17.13,15.28,15.48,17.5,-2.02,-11.5429,379469.5,607168.321
562,300647.SZ,20201109,16.75,17.97,16.5,17.5,16.95,0.55,3.2448,483906.85,839158.24
563,300647.SZ,20201106,16.69,17.8,16.3,16.95,16.68,0.27,1.6187,503370.82,856028.734
564,300647.SZ,20201105,15.71,16.99,15.43,16.68,15.65,1.03,6.5815,467440.32,761631.369
565,300647.SZ,20201104,15.86,15.98,15.3,15.65,16.01,-0.36,-2.2486,279607.66,436334.449
566,300647.SZ,20201103,15.86,16.44,15.39,16.01,16.17,-0.16,-0.9895,372229.8,589904.083
567,300647.SZ,20201102,15.52,16.7,15.12,16.17,15.46,0.71,4.5925,423800.5,677941.687
568,300647.SZ,20201030,16.5,16.87,15.21,15.46,17.05,-1.59,-9.3255,483803.9,774933.257
569,300647.SZ,20201029,16.0,19.15,15.5,17.05,16.7,0.35,2.0958,731282.85,1230575.766
570,300647.SZ,20201028,14.2,16.7,14.06,16.7,13.92,2.78,19.9713,609390.95,959097.722
571,300647.SZ,20201027,13.2,14.9,12.85,13.92,13.25,0.67,5.0566,395744.11,549858.35
572,300647.SZ,20201026,12.72,13.26,12.12,13.25,12.72,0.53,4.1667,185354.37,239955.278
573,300647.SZ,20201023,12.41,13.24,12.4,12.72,12.45,0.27,2.1687,185431.12,239459.292
574,300647.SZ,20201022,12.35,12.84,12.1,12.45,12.7,-0.25,-1.9685,147898.2,184572.901
575,300647.SZ,20201021,13.18,13.5,12.51,12.7,13.38,-0.68,-5.0822,204603.42,264419.48
576,300647.SZ,20201020,12.97,13.64,12.86,13.38,13.0,0.38,2.9231,206208.76,275186.045
577,300647.SZ,20201019,13.38,13.66,12.87,13.0,13.63,-0.63,-4.6222,202419.94,266038.471
578,300647.SZ,20201016,13.37,13.98,12.93,13.63,13.9,-0.27,-1.9424,285118.09,380276.905
579,300647.SZ,20201015,13.02,14.41,12.91,13.9,13.12,0.78,5.9451,428832.73,593681.667
580,300647.SZ,20201014,13.15,13.38,12.76,13.12,13.42,-0.3,-2.2355,240341.93,311994.081
581,300647.SZ,20201013,12.5,13.69,12.4,13.42,12.75,0.67,5.2549,351580.06,464762.259
582,300647.SZ,20201012,11.81,12.95,11.61,12.75,11.68,1.07,9.161,258131.36,316961.846
583,300647.SZ,20201009,11.51,11.72,11.35,11.68,11.2,0.48,4.2857,130113.16,150822.366
584,300647.SZ,20200930,11.28,11.5,11.12,11.2,11.23,-0.03,-0.2671,106584.2,120228.981
585,300647.SZ,20200929,11.36,11.58,11.17,11.23,11.28,-0.05,-0.4433,110693.5,126103.298
586,300647.SZ,20200928,11.6,11.8,11.01,11.28,11.54,-0.26,-2.253,112746.8,128419.331
587,300647.SZ,20200925,11.61,12.04,11.32,11.54,11.55,-0.01,-0.0866,147173.88,171924.969
588,300647.SZ,20200924,12.28,12.69,11.42,11.55,12.42,-0.87,-7.0048,212990.68,253739.241
589,300647.SZ,20200923,12.75,12.88,11.96,12.42,12.8,-0.38,-2.9688,223442.0,278061.987
590,300647.SZ,20200922,12.85,13.25,12.42,12.8,13.3,-0.5,-3.7594,247015.52,317022.773
591,300647.SZ,20200921,12.88,13.66,12.63,13.3,13.19,0.11,0.834,383987.16,506033.964
592,300647.SZ,20200918,12.2,13.21,11.64,13.19,12.01,1.18,9.8251,415040.7,528334.975
593,300647.SZ,20200917,12.57,12.76,11.64,12.01,12.5,-0.49,-3.92,277010.36,333999.16
594,300647.SZ,20200916,12.34,13.4,12.12,12.5,12.35,0.15,1.2146,311919.51,395254.95
595,300647.SZ,20200915,12.0,12.97,11.6,12.35,11.96,0.39,3.2609,358974.25,442401.679
596,300647.SZ,20200914,11.2,12.0,10.8,11.96,10.96,1.0,9.1241,311842.44,360610.752
597,300647.SZ,20200911,10.34,11.37,10.34,10.96,10.69,0.27,2.5257,281433.2,309133.867
598,300647.SZ,20200910,12.31,12.88,10.51,10.69,13.09,-2.4,-18.3346,432603.87,500460.049
599,300647.SZ,20200909,14.36,15.99,12.98,13.09,15.02,-1.93,-12.8495,576812.55,846250.574
600,300647.SZ,20200908,14.5,16.0,13.33,15.02,13.92,1.1,7.9023,698304.68,1022200.736
601,300647.SZ,20200907,11.41,13.92,11.41,13.92,11.6,2.32,20.0,343657.74,452635.86
602,300647.SZ,20200904,10.98,11.87,10.84,11.6,11.38,0.22,1.9332,218499.52,252140.524
603,300647.SZ,20200903,12.0,12.43,11.0,11.38,12.58,-1.2,-9.539,370633.48,435260.431
604,300647.SZ,20200902,12.46,13.58,12.08,12.58,12.8,-0.22,-1.7188,521881.38,678287.845
605,300647.SZ,20200901,12.0,12.99,11.46,12.8,12.01,0.79,6.5779,517351.98,630674.58
606,300647.SZ,20200831,11.34,12.52,11.03,12.01,11.19,0.82,7.328,381676.64,454907.864
607,300647.SZ,20200828,11.3,11.8,10.93,11.19,11.82,-0.63,-5.3299,306237.12,346722.172
608,300647.SZ,20200827,10.55,12.5,10.45,11.82,11.16,0.66,5.914,429263.54,494611.863
609,300647.SZ,20200826,11.5,12.1,11.1,11.16,12.16,-1.0,-8.2237,379719.18,435558.35
610,300647.SZ,20200825,10.81,13.0,10.81,12.16,11.68,0.48,4.1096,546420.95,654694.783
611,300647.SZ,20200824,11.25,12.78,10.67,11.68,10.66,1.02,9.5685,577106.83,667670.136
612,300647.SZ,20200821,9.78,10.66,9.69,10.66,9.69,0.97,10.0103,193773.34,200035.975
613,300647.SZ,20200820,8.67,9.69,8.67,9.69,8.81,0.88,9.9886,175592.4,165776.671
614,300647.SZ,20200819,9.17,9.17,8.8,8.81,9.2,-0.39,-4.2391,84199.38,75100.747
615,300647.SZ,20200818,9.28,9.38,9.05,9.2,9.28,-0.08,-0.8621,81432.27,74874.911
616,300647.SZ,20200817,9.25,9.36,9.09,9.28,9.26,0.02,0.216,82733.89,76300.794
617,300647.SZ,20200814,9.2,9.27,9.01,9.26,9.15,0.11,1.2022,69454.1,63659.086
618,300647.SZ,20200813,8.9,9.45,8.81,9.15,8.83,0.32,3.624,140116.55,128941.567
619,300647.SZ,20200812,8.59,8.84,8.53,8.83,8.52,0.31,3.6385,65228.28,56553.393
620,300647.SZ,20200811,8.9,8.95,8.48,8.52,8.92,-0.4,-4.4843,67997.37,59074.866
621,300647.SZ,20200810,8.86,9.04,8.8,8.92,8.88,0.04,0.4505,38255.8,34087.48
622,300647.SZ,20200807,9.18,9.2,8.72,8.88,9.24,-0.36,-3.8961,78353.06,69755.336
623,300647.SZ,20200806,9.2,9.24,8.9,9.24,9.22,0.02,0.2169,74523.59,67751.149
624,300647.SZ,20200805,9.28,9.32,9.09,9.22,9.2,0.02,0.2174,64012.76,58840.953
625,300647.SZ,20200804,9.54,9.54,9.15,9.2,9.54,-0.34,-3.5639,102522.57,95156.73
626,300647.SZ,20200803,9.54,9.65,9.4,9.54,9.45,0.09,0.9524,122876.86,116450.316
627,300647.SZ,20200731,9.18,9.49,9.1,9.45,9.19,0.26,2.8292,120283.52,112177.742
628,300647.SZ,20200730,9.31,9.48,9.15,9.19,9.31,-0.12,-1.2889,144065.2,134386.616
629,300647.SZ,20200729,8.88,9.35,8.7,9.31,8.83,0.48,5.436,132615.18,121828.237
630,300647.SZ,20200728,8.59,9.1,8.59,8.83,8.59,0.24,2.7939,60463.13,53553.203
631,300647.SZ,20200727,8.73,8.81,8.42,8.59,8.7,-0.11,-1.2644,47177.03,40472.98
632,300647.SZ,20200724,9.16,9.22,8.68,8.7,9.13,-0.43,-4.7097,79812.0,71141.279
633,300647.SZ,20200723,9.12,9.35,8.93,9.13,9.2,-0.07,-0.7609,87369.1,79646.628
634,300647.SZ,20200722,9.37,9.5,9.15,9.2,9.25,-0.05,-0.5405,156704.85,146285.148
635,300647.SZ,20200721,8.86,9.3,8.76,9.25,8.86,0.39,4.4018,135814.84,123880.723
636,300647.SZ,20200720,8.66,8.87,8.56,8.86,8.57,0.29,3.3839,67120.7,58623.517
637,300647.SZ,20200717,8.72,8.89,8.42,8.57,8.66,-0.09,-1.0393,75212.44,64970.913
638,300647.SZ,20200716,9.02,9.24,8.53,8.66,8.99,-0.33,-3.6707,99947.08,89937.62
639,300647.SZ,20200715,9.31,9.38,8.96,8.99,9.38,-0.39,-4.1578,112330.37,102555.91
640,300647.SZ,20200714,9.53,9.63,9.16,9.38,9.44,-0.06,-0.6356,144350.1,135193.387
641,300647.SZ,20200713,9.1,9.55,9.05,9.44,9.11,0.33,3.6224,157329.81,146861.709
642,300647.SZ,20200710,9.27,9.38,9.08,9.11,9.42,-0.31,-3.2909,149528.99,137405.448
643,300647.SZ,20200709,9.08,9.65,8.95,9.42,9.32,0.1,1.073,263166.64,244485.373
644,300647.SZ,20200708,9.2,9.6,8.89,9.32,8.88,0.44,4.955,302734.93,279475.378
645,300647.SZ,20200707,8.09,8.88,8.08,8.88,8.07,0.81,10.0372,198142.54,168183.787
646,300647.SZ,20200706,7.8,8.08,7.79,8.07,7.78,0.29,3.7275,99358.86,79446.299
647,300647.SZ,20200703,7.67,7.8,7.63,7.78,7.7,0.08,1.039,43872.1,33942.714
648,300647.SZ,20200702,7.59,7.72,7.56,7.7,7.59,0.11,1.4493,40266.0,30815.953
649,300647.SZ,20200701,7.65,7.7,7.52,7.59,7.66,-0.07,-0.9138,26992.4,20478.392
650,300647.SZ,20200630,7.55,7.72,7.53,7.66,7.52,0.14,1.8617,25525.0,19513.719
651,300647.SZ,20200629,7.73,7.73,7.46,7.52,7.75,-0.23,-2.9677,38902.0,29480.352
652,300647.SZ,20200624,7.79,7.84,7.75,7.75,7.76,-0.01,-0.1289,21360.92,16605.192
653,300647.SZ,20200623,7.88,7.9,7.75,7.76,7.86,-0.1,-1.2723,38555.0,30082.149
654,300647.SZ,20200622,7.83,7.9,7.8,7.86,7.83,0.03,0.3831,32750.2,25717.168
655,300647.SZ,20200619,7.82,7.88,7.81,7.83,7.86,-0.03,-0.3817,27579.62,21631.418
656,300647.SZ,20200618,7.84,7.91,7.76,7.86,7.84,0.02,0.2551,42626.76,33389.406
657,300647.SZ,20200617,7.9,7.92,7.79,7.84,7.89,-0.05,-0.6337,30977.8,24242.858
658,300647.SZ,20200616,7.85,7.93,7.83,7.89,7.78,0.11,1.4139,38803.8,30568.976
659,300647.SZ,20200615,7.85,7.95,7.78,7.78,7.96,-0.18,-2.2613,45679.56,35840.359
660,300647.SZ,20200612,7.75,8.19,7.67,7.96,7.93,0.03,0.3783,54881.0,43532.126
661,300647.SZ,20200611,7.92,8.02,7.86,7.93,7.88,0.05,0.6345,40521.86,32099.083
662,300647.SZ,20200610,7.88,7.93,7.82,7.88,7.89,-0.01,-0.1267,31552.0,24803.293
663,300647.SZ,20200609,7.94,7.95,7.85,7.89,7.9,-0.01,-0.1266,31871.0,25123.189
664,300647.SZ,20200608,8.0,8.09,7.87,7.9,7.96,-0.06,-0.7538,41138.5,32724.65
665,300647.SZ,20200605,8.03,8.05,7.87,7.96,8.05,-0.09,-1.118,51418.8,40805.428
666,300647.SZ,20200604,8.15,8.26,8.02,8.05,8.14,-0.09,-1.1057,51781.5,41862.735
667,300647.SZ,20200603,8.29,8.33,8.12,8.14,8.27,-0.13,-1.5719,67923.5,55771.134
668,300647.SZ,20200602,8.29,8.47,8.15,8.27,8.2,0.07,0.8537,100947.5,83798.105
669,300647.SZ,20200601,7.8,8.2,7.8,8.2,7.8,0.4,5.1282,100070.66,80983.005
670,300647.SZ,20200529,7.78,7.96,7.75,7.8,7.88,-0.08,-1.0152,42269.0,33162.093
671,300647.SZ,20200528,8.11,8.19,7.68,7.88,8.09,-0.21,-2.5958,75103.5,58963.568
672,300647.SZ,20200527,8.2,8.28,8.06,8.09,8.22,-0.13,-1.5815,68668.19,55980.31
673,300647.SZ,20200526,7.8,8.25,7.75,8.22,7.78,0.44,5.6555,84685.08,68201.157
674,300647.SZ,20200525,8.03,8.07,7.7,7.78,8.07,-0.29,-3.5936,59723.2,46900.164
675,300647.SZ,20200522,7.95,8.39,7.89,8.07,7.92,0.15,1.8939,87893.83,71604.502
676,300647.SZ,20200521,8.25,8.26,7.86,7.92,8.25,-0.33,-4.0,58639.0,47130.569
677,300647.SZ,20200520,8.05,8.43,8.01,8.25,8.15,0.1,1.227,73511.26,60357.41
678,300647.SZ,20200519,8.26,8.34,8.07,8.15,8.28,-0.13,-1.57,65519.16,53381.374
679,300647.SZ,20200518,8.66,8.68,8.13,8.28,8.38,-0.1,-1.1933,67364.0,55588.026
680,300647.SZ,20200515,8.7,8.76,8.2,8.38,8.55,-0.17,-1.9883,79516.25,66780.076
681,300647.SZ,20200514,12.58,12.88,12.38,12.84,12.52,0.32,2.5559,62029.89,78891.59
682,300647.SZ,20200513,12.45,12.75,12.22,12.52,12.39,0.13,1.0492,39187.97,48949.67
683,300647.SZ,20200512,12.42,12.49,12.12,12.39,12.42,-0.03,-0.2415,27419.71,33667.052
684,300647.SZ,20200511,12.21,12.85,12.21,12.42,12.18,0.24,1.9704,45937.6,57358.417
685,300647.SZ,20200508,12.02,12.31,11.93,12.18,11.88,0.3,2.5253,38066.0,46343.773
686,300647.SZ,20200507,11.95,12.11,11.76,11.88,11.86,0.02,0.1686,31548.97,37606.91
687,300647.SZ,20200506,11.52,11.87,11.39,11.86,11.39,0.47,4.1264,37375.58,43569.49
688,300647.SZ,20200430,10.9,11.5,10.9,11.39,10.91,0.48,4.3996,37600.22,42334.349
689,300647.SZ,20200429,10.95,11.2,10.86,10.91,10.97,-0.06,-0.5469,24260.11,26693.787
690,300647.SZ,20200428,11.62,11.62,10.38,10.97,11.53,-0.56,-4.8569,39440.8,43519.651
691,300647.SZ,20200427,11.7,11.78,11.5,11.53,11.7,-0.17,-1.453,23536.41,27447.126
692,300647.SZ,20200424,11.62,11.93,11.55,11.7,11.78,-0.08,-0.6791,28330.8,33272.47
693,300647.SZ,20200423,12.18,12.23,11.73,11.78,12.17,-0.39,-3.2046,38406.67,45664.375
694,300647.SZ,20200422,11.87,12.18,11.77,12.17,11.96,0.21,1.7559,34386.41,41184.06
695,300647.SZ,20200421,12.1,12.15,11.82,11.96,12.26,-0.3,-2.447,41859.48,49926.27
696,300647.SZ,20200420,12.27,12.29,12.12,12.26,12.19,0.07,0.5742,24298.84,29681.189
697,300647.SZ,20200417,12.29,12.49,12.18,12.19,12.22,-0.03,-0.2455,34172.6,42068.317
698,300647.SZ,20200416,12.32,12.35,12.05,12.22,12.25,-0.03,-0.2449,29814.4,36369.935
699,300647.SZ,20200415,12.69,12.7,12.16,12.25,12.69,-0.44,-3.4673,42242.94,52466.998
700,300647.SZ,20200414,12.64,12.71,12.49,12.69,12.54,0.15,1.1962,31209.44,39350.799
701,300647.SZ,20200413,12.77,12.84,12.42,12.54,12.75,-0.21,-1.6471,25950.0,32617.076
702,300647.SZ,20200410,13.28,13.29,12.73,12.75,13.29,-0.54,-4.0632,46821.4,60505.961
703,300647.SZ,20200409,13.38,13.64,13.21,13.29,13.34,-0.05,-0.3748,46270.0,61931.318
704,300647.SZ,20200408,13.18,13.41,13.06,13.34,13.21,0.13,0.9841,58412.37,77536.287
705,300647.SZ,20200407,13.2,13.4,13.01,13.21,12.97,0.24,1.8504,69740.21,91993.551
706,300647.SZ,20200403,12.89,13.46,12.65,12.97,13.0,-0.03,-0.2308,64789.61,83611.907
707,300647.SZ,20200402,12.4,13.06,12.1,13.0,12.43,0.57,4.5857,70864.0,90819.985
708,300647.SZ,20200401,12.39,12.68,12.23,12.43,12.4,0.03,0.2419,37950.74,47465.074
709,300647.SZ,20200331,12.35,12.55,12.11,12.4,12.05,0.35,2.9046,43076.94,53084.667
710,300647.SZ,20200330,12.22,12.28,11.8,12.05,12.62,-0.57,-4.5166,45015.61,54075.75
711,300647.SZ,20200327,13.16,13.25,12.61,12.62,13.07,-0.45,-3.443,50085.73,64676.606
712,300647.SZ,20200326,12.8,13.5,12.8,13.07,12.83,0.24,1.8706,73014.61,95942.605
713,300647.SZ,20200325,12.98,12.98,12.6,12.83,12.59,0.24,1.9063,55396.22,70851.189
714,300647.SZ,20200324,12.6,12.8,12.13,12.59,12.3,0.29,2.3577,58598.54,73360.349
715,300647.SZ,20200323,12.67,13.1,12.26,12.3,13.13,-0.83,-6.3214,61395.0,77722.881
716,300647.SZ,20200320,13.41,13.41,12.91,13.13,13.16,-0.03,-0.228,66383.97,87215.849
717,300647.SZ,20200319,12.63,13.34,12.57,13.16,12.77,0.39,3.054,83334.51,107506.836
718,300647.SZ,20200318,13.35,13.66,12.72,12.77,13.27,-0.5,-3.7679,105034.66,138456.089
719,300647.SZ,20200317,13.82,14.18,12.68,13.27,13.82,-0.55,-3.9797,99467.02,133228.655
720,300647.SZ,20200316,15.3,15.3,13.82,13.82,15.35,-1.53,-9.9674,138145.18,198853.991
721,300647.SZ,20200313,14.41,15.8,14.41,15.35,16.01,-0.66,-4.1224,232344.37,346376.511
722,300647.SZ,20200312,16.2,16.79,15.5,16.01,15.65,0.36,2.3003,323792.97,524415.501
723,300647.SZ,20200311,16.56,16.56,15.2,15.65,15.05,0.6,3.9867,128320.56,206512.029
724,300647.SZ,20200310,13.96,15.05,13.96,15.05,13.68,1.37,10.0146,78611.38,116764.494
725,300647.SZ,20200309,13.59,14.6,13.31,13.68,14.11,-0.43,-3.0475,133605.72,187365.958
726,300647.SZ,20200306,14.85,14.85,14.06,14.11,14.81,-0.7,-4.7265,174813.23,250753.424
727,300647.SZ,20200305,13.71,14.81,13.61,14.81,13.46,1.35,10.0297,127090.75,180743.745
728,300647.SZ,20200304,13.38,13.56,13.15,13.46,13.39,0.07,0.5228,41693.4,55772.358
729,300647.SZ,20200303,13.63,13.85,13.15,13.39,13.27,0.12,0.9043,60954.84,82189.817
730,300647.SZ,20200302,12.43,13.39,12.42,13.27,12.25,1.02,8.3265,64289.47,83728.934
731,300647.SZ,20200228,12.9,13.14,12.2,12.25,13.52,-1.27,-9.3935,74099.64,93978.465
732,300647.SZ,20200227,13.48,13.95,13.3,13.52,13.49,0.03,0.2224,75353.58,103074.263
733,300647.SZ,20200226,13.25,14.3,13.2,13.49,13.51,-0.02,-0.148,98379.8,134901.458
734,300647.SZ,20200225,13.41,13.66,12.75,13.51,13.83,-0.32,-2.3138,79064.14,105579.212
735,300647.SZ,20200224,13.52,13.98,13.35,13.83,13.5,0.33,2.4444,77415.74,105992.121
736,300647.SZ,20200221,13.51,13.6,13.19,13.5,13.36,0.14,1.0479,69670.67,93662.809
737,300647.SZ,20200220,13.01,13.42,12.89,13.36,13.17,0.19,1.4427,62634.07,82607.821
738,300647.SZ,20200219,13.47,13.9,13.15,13.17,13.0,0.17,1.3077,80718.8,108757.832
739,300647.SZ,20200218,12.61,13.05,12.6,13.0,12.68,0.32,2.5237,56971.6,73369.613
740,300647.SZ,20200217,12.85,13.41,12.4,12.68,12.19,0.49,4.0197,60332.0,76321.156
741,300647.SZ,20200214,11.96,12.29,11.92,12.19,12.04,0.15,1.2458,29713.6,36065.391
742,300647.SZ,20200213,12.17,12.29,12.01,12.04,12.15,-0.11,-0.9053,30449.99,36971.081
743,300647.SZ,20200212,12.0,12.27,11.9,12.15,11.95,0.2,1.6736,33731.2,40858.392
744,300647.SZ,20200211,12.07,12.08,11.8,11.95,12.08,-0.13,-1.0762,30944.95,36963.699
745,300647.SZ,20200210,11.7,12.27,11.63,12.08,11.76,0.32,2.7211,44972.2,53713.045
746,300647.SZ,20200207,11.73,11.78,11.45,11.76,11.65,0.11,0.9442,42035.8,48854.635
747,300647.SZ,20200206,11.31,11.68,11.3,11.65,11.39,0.26,2.2827,43144.75,49493.03
748,300647.SZ,20200205,11.33,11.7,11.31,11.39,11.31,0.08,0.7073,42646.0,48948.912
749,300647.SZ,20200204,10.85,11.73,10.85,11.31,12.05,-0.74,-6.1411,48494.99,54867.987
750,300647.SZ,20200203,12.05,12.05,12.05,12.05,13.39,-1.34,-10.0075,2679.0,3228.195
751,300647.SZ,20200123,13.55,13.8,13.2,13.39,13.69,-0.3,-2.1914,26465.64,35628.159
752,300647.SZ,20200122,13.49,13.8,13.15,13.69,13.47,0.22,1.6333,31481.26,42489.65
753,300647.SZ,20200121,13.85,13.85,13.45,13.47,13.79,-0.32,-2.3205,22755.64,30930.746
754,300647.SZ,20200120,13.7,13.89,13.31,13.79,13.67,0.12,0.8778,25644.64,35051.643
755,300647.SZ,20200117,13.7,13.9,13.66,13.67,13.76,-0.09,-0.6541,22577.47,31094.209
756,300647.SZ,20200116,13.99,14.0,13.68,13.76,13.98,-0.22,-1.5737,31463.6,43399.756
757,300647.SZ,20200115,13.92,14.12,13.65,13.98,13.96,0.02,0.1433,43282.4,60005.729
758,300647.SZ,20200114,14.14,14.19,13.88,13.96,14.04,-0.08,-0.5698,44430.15,62150.696
759,300647.SZ,20200113,13.7,14.18,13.47,14.04,13.74,0.3,2.1834,56056.39,77905.756
760,300647.SZ,20200110,13.88,13.97,13.62,13.74,13.99,-0.25,-1.787,43017.19,59260.377
761,300647.SZ,20200109,13.67,14.3,13.67,13.99,13.6,0.39,2.8676,66990.54,93721.969
762,300647.SZ,20200108,13.81,14.3,13.56,13.6,13.88,-0.28,-2.0173,55215.4,76507.482
763,300647.SZ,20200107,13.6,13.9,13.6,13.88,13.73,0.15,1.0925,36404.69,50206.171
764,300647.SZ,20200106,13.46,13.95,13.32,13.73,13.5,0.23,1.7037,41770.79,57157.755
765,300647.SZ,20200103,13.56,13.58,13.36,13.5,13.47,0.03,0.2227,28505.29,38434.208
766,300647.SZ,20200102,13.2,13.54,13.2,13.47,13.2,0.27,2.0455,28162.69,37788.749
